"field_1","GEOID","NAME","variable","estimate","moe","Med_Income"
"1","245101201004","Block Group 4, Census Tract 1201, Baltimore city, Maryland","medincome","47697","35303.829787234",47697
"2","245102706006","Block Group 6, Census Tract 2706, Baltimore city, Maryland","medincome","54519","31301.6170212766",54519
"3","245102505003","Block Group 3, Census Tract 2505, Baltimore city, Maryland","medincome","48818","20375.6595744681",48818
"4","245101509003","Block Group 3, Census Tract 1509, Baltimore city, Maryland","medincome","82821","34015.829787234",82821
"5","245102705014","Block Group 4, Census Tract 2705.01, Baltimore city, Maryland","medincome","77159","47225.8723404255",77159
"6","245102501031","Block Group 1, Census Tract 2501.03, Baltimore city, Maryland","medincome","18342","5918.12765957447",18342
"7","245101802002","Block Group 2, Census Tract 1802, Baltimore city, Maryland","medincome","NA","-264775413.446808",
"8","245102602022","Block Group 2, Census Tract 2602.02, Baltimore city, Maryland","medincome","36695","6924.93617021277",36695
"9","245100103002","Block Group 2, Census Tract 103, Baltimore city, Maryland","medincome","138250","34522.2127659574",138250
"10","245101507013","Block Group 3, Census Tract 1507.01, Baltimore city, Maryland","medincome","48681","26311.6595744681",48681
"11","245101803001","Block Group 1, Census Tract 1803, Baltimore city, Maryland","medincome","33958","30572.4255319149",33958
"12","245102602024","Block Group 4, Census Tract 2602.02, Baltimore city, Maryland","medincome","32419","18124.9361702128",32419
"13","245102610004","Block Group 4, Census Tract 2610, Baltimore city, Maryland","medincome","61563","18161.8723404255",61563
"14","245100801012","Block Group 2, Census Tract 801.01, Baltimore city, Maryland","medincome","84500","60536",84500
"15","245100903001","Block Group 1, Census Tract 903, Baltimore city, Maryland","medincome","73750","21875.7446808511",73750
"16","245102602011","Block Group 1, Census Tract 2602.01, Baltimore city, Maryland","medincome","40036","38287.3191489362",40036
"17","245100803022","Block Group 2, Census Tract 803.02, Baltimore city, Maryland","medincome","25815","15317.7872340426",25815
"18","245102611002","Block Group 2, Census Tract 2611, Baltimore city, Maryland","medincome","126389","19219.914893617",126389
"19","245102404003","Block Group 3, Census Tract 2404, Baltimore city, Maryland","medincome","117143","29787.2340425532",117143
"20","245102606053","Block Group 3, Census Tract 2606.05, Baltimore city, Maryland","medincome","48409","15907.5744680851",48409
"21","245101511004","Block Group 4, Census Tract 1511, Baltimore city, Maryland","medincome","60156","50433.3617021277",60156
"22","245100702005","Block Group 5, Census Tract 702, Baltimore city, Maryland","medincome","42201","24989.1063829787",42201
"23","245101702002","Block Group 2, Census Tract 1702, Baltimore city, Maryland","medincome","20000","13839.1489361702",20000
"24","245101604001","Block Group 1, Census Tract 1604, Baltimore city, Maryland","medincome","16375","2098.21276595745",16375
"25","245101307004","Block Group 4, Census Tract 1307, Baltimore city, Maryland","medincome","43214","21683.914893617",43214
"26","245102719005","Block Group 5, Census Tract 2719, Baltimore city, Maryland","medincome","42892","14843.5744680851",42892
"27","245101511005","Block Group 5, Census Tract 1511, Baltimore city, Maryland","medincome","57546","60334.6382978723",57546
"28","245102007011","Block Group 1, Census Tract 2007.01, Baltimore city, Maryland","medincome","34972","28101.2765957447",34972
"29","245101509002","Block Group 2, Census Tract 1509, Baltimore city, Maryland","medincome","75125","35555.2340425532",75125
"30","245102709023","Block Group 3, Census Tract 2709.02, Baltimore city, Maryland","medincome","64909","17234.8936170213",64909
"31","245102005003","Block Group 3, Census Tract 2005, Baltimore city, Maryland","medincome","33713","10220.5957446808",33713
"32","245100101002","Block Group 2, Census Tract 101, Baltimore city, Maryland","medincome","97763","18282.2127659574",97763
"33","245100905002","Block Group 2, Census Tract 905, Baltimore city, Maryland","medincome","42656","17278.9787234043",42656
"34","245102705011","Block Group 1, Census Tract 2705.01, Baltimore city, Maryland","medincome","73194","36683.5744680851",73194
"35","245102708012","Block Group 2, Census Tract 2708.01, Baltimore city, Maryland","medincome","53286","8550.12765957447",53286
"36","245102707021","Block Group 1, Census Tract 2707.02, Baltimore city, Maryland","medincome","47250","12883.5744680851",47250
"37","245100603002","Block Group 2, Census Tract 603, Baltimore city, Maryland","medincome","85781","28538.5531914894",85781
"38","245102501032","Block Group 2, Census Tract 2501.03, Baltimore city, Maryland","medincome","53500","16640.3404255319",53500
"39","245101510006","Block Group 6, Census Tract 1510, Baltimore city, Maryland","medincome","28203","17958.1276595745",28203
"40","245101002001","Block Group 1, Census Tract 1002, Baltimore city, Maryland","medincome","12759","7247.82978723404",12759
"41","245102708054","Block Group 4, Census Tract 2708.05, Baltimore city, Maryland","medincome","40799","16174.4680851064",40799
"42","245100801014","Block Group 4, Census Tract 801.01, Baltimore city, Maryland","medincome","63393","15962.3829787234",63393
"43","245101510007","Block Group 7, Census Tract 1510, Baltimore city, Maryland","medincome","43333","37273.3617021277",43333
"44","245102801021","Block Group 1, Census Tract 2801.02, Baltimore city, Maryland","medincome","30602","15302.2978723404",30602
"45","245102402001","Block Group 1, Census Tract 2402, Baltimore city, Maryland","medincome","144181","22417.8723404255",144181
"46","245102502041","Block Group 1, Census Tract 2502.04, Baltimore city, Maryland","medincome","17794","10290.8936170213",17794
"47","245102801011","Block Group 1, Census Tract 2801.01, Baltimore city, Maryland","medincome","65577","19895.4893617021",65577
"48","245102802005","Block Group 5, Census Tract 2802, Baltimore city, Maryland","medincome","77857","40794.2127659574",77857
"49","245102604013","Block Group 3, Census Tract 2604.01, Baltimore city, Maryland","medincome","30192","13501.9574468085",30192
"50","245101510005","Block Group 5, Census Tract 1510, Baltimore city, Maryland","medincome","55517","23566.4680851064",55517
"51","245100302002","Block Group 2, Census Tract 302, Baltimore city, Maryland","medincome","114563","42257.3617021277",114563
"52","245101602003","Block Group 3, Census Tract 1602, Baltimore city, Maryland","medincome","NA","-264775413.446808",
"53","245102704022","Block Group 2, Census Tract 2704.02, Baltimore city, Maryland","medincome","63095","12479.6595744681",63095
"54","245102720072","Block Group 2, Census Tract 2720.07, Baltimore city, Maryland","medincome","21480","7220.42553191489",21480
"55","245100603001","Block Group 1, Census Tract 603, Baltimore city, Maryland","medincome","42417","24437.4468085106",42417
"56","245102708042","Block Group 2, Census Tract 2708.04, Baltimore city, Maryland","medincome","36036","29722.8936170213",36036
"57","245101303003","Block Group 3, Census Tract 1303, Baltimore city, Maryland","medincome","20000","6724.76595744681",20000
"58","245102708022","Block Group 2, Census Tract 2708.02, Baltimore city, Maryland","medincome","42500","22948.085106383",42500
"59","245102701021","Block Group 1, Census Tract 2701.02, Baltimore city, Maryland","medincome","70682","40683.4042553191",70682
"60","245101702001","Block Group 1, Census Tract 1702, Baltimore city, Maryland","medincome","12500","5789.44680851064",12500
"61","245100906004","Block Group 4, Census Tract 906, Baltimore city, Maryland","medincome","45769","35473.0212765957",45769
"62","245102611001","Block Group 1, Census Tract 2611, Baltimore city, Maryland","medincome","109583","49073.8723404255",109583
"63","245101401002","Block Group 2, Census Tract 1401, Baltimore city, Maryland","medincome","40329","37408",40329
"64","245102007012","Block Group 2, Census Tract 2007.01, Baltimore city, Maryland","medincome","31510","18709.9574468085",31510
"65","245101605005","Block Group 5, Census Tract 1605, Baltimore city, Maryland","medincome","40088","4718.29787234042",40088
"66","245100906001","Block Group 1, Census Tract 906, Baltimore city, Maryland","medincome","52026","43457.1914893617",52026
"67","245100901005","Block Group 5, Census Tract 901, Baltimore city, Maryland","medincome","NA","-264775413.446808",
"68","245102005001","Block Group 1, Census Tract 2005, Baltimore city, Maryland","medincome","NA","-264775413.446808",
"69","245100909003","Block Group 3, Census Tract 909, Baltimore city, Maryland","medincome","25000","19715.5744680851",25000
"70","245101605004","Block Group 4, Census Tract 1605, Baltimore city, Maryland","medincome","40909","24032.3404255319",40909
"71","245102708053","Block Group 3, Census Tract 2708.05, Baltimore city, Maryland","medincome","29306","16888.170212766",29306
"72","245102606042","Block Group 2, Census Tract 2606.04, Baltimore city, Maryland","medincome","NA","-264775413.446808",
"73","245102503032","Block Group 2, Census Tract 2503.03, Baltimore city, Maryland","medincome","34342","14845.9574468085",34342
"74","245102801013","Block Group 3, Census Tract 2801.01, Baltimore city, Maryland","medincome","41667","40149.6170212766",41667
"75","245101604002","Block Group 2, Census Tract 1604, Baltimore city, Maryland","medincome","NA","-264775413.446808",
"76","245101502002","Block Group 2, Census Tract 1502, Baltimore city, Maryland","medincome","35438","14772.085106383",35438
"77","245101512003","Block Group 3, Census Tract 1512, Baltimore city, Maryland","medincome","27011","13260.085106383",27011
"78","245102716004","Block Group 4, Census Tract 2716, Baltimore city, Maryland","medincome","62955","45053.7872340426",62955
"79","245101903003","Block Group 3, Census Tract 1903, Baltimore city, Maryland","medincome","59688","29937.3617021277",59688
"80","245100808002","Block Group 2, Census Tract 808, Baltimore city, Maryland","medincome","46648","21764.9361702128",46648
"81","245101607003","Block Group 3, Census Tract 1607, Baltimore city, Maryland","medincome","18856","1203.40425531915",18856
"82","245100602003","Block Group 3, Census Tract 602, Baltimore city, Maryland","medincome","66167","17140.7659574468",66167
"83","245102402002","Block Group 2, Census Tract 2402, Baltimore city, Maryland","medincome","125000","19613.1063829787",125000
"84","245102706002","Block Group 2, Census Tract 2706, Baltimore city, Maryland","medincome","NA","-264775413.446808",
"85","245101301004","Block Group 4, Census Tract 1301, Baltimore city, Maryland","medincome","36625","16405.6170212766",36625
"86","245102709011","Block Group 1, Census Tract 2709.01, Baltimore city, Maryland","medincome","39337","34799.829787234",39337
"87","245102603022","Block Group 2, Census Tract 2603.02, Baltimore city, Maryland","medincome","41979","20814.1276595745",41979
"88","245102805001","Block Group 1, Census Tract 2805, Baltimore city, Maryland","medincome","9836","9939.40425531915",9836
"89","245100908005","Block Group 5, Census Tract 908, Baltimore city, Maryland","medincome","NA","-264775413.446808",
"90","245100104002","Block Group 2, Census Tract 104, Baltimore city, Maryland","medincome","124229","37697.5319148936",124229
"91","245101608014","Block Group 4, Census Tract 1608.01, Baltimore city, Maryland","medincome","78750","61303.3191489362",78750
"92","245102702001","Block Group 1, Census Tract 2702, Baltimore city, Maryland","medincome","71875","9484.25531914894",71875
"93","245100402001","Block Group 1, Census Tract 402, Baltimore city, Maryland","medincome","34375","15178.3829787234",34375
"94","245101608021","Block Group 1, Census Tract 1608.02, Baltimore city, Maryland","medincome","34891","6952.34042553191",34891
"95","245102707032","Block Group 2, Census Tract 2707.03, Baltimore city, Maryland","medincome","86484","42561.1914893617",86484
"96","245102709032","Block Group 2, Census Tract 2709.03, Baltimore city, Maryland","medincome","104069","21445.6170212766",104069
"97","245102718021","Block Group 1, Census Tract 2718.02, Baltimore city, Maryland","medincome","NA","-264775413.446808",
"98","245101603001","Block Group 1, Census Tract 1603, Baltimore city, Maryland","medincome","NA","-264775413.446808",
"99","245100801013","Block Group 3, Census Tract 801.01, Baltimore city, Maryland","medincome","45625","13848.6808510638",45625
"100","245102602021","Block Group 1, Census Tract 2602.02, Baltimore city, Maryland","medincome","NA","-264775413.446808",
"101","245102704012","Block Group 2, Census Tract 2704.01, Baltimore city, Maryland","medincome","83432","40734.6382978723",83432
"102","245102704023","Block Group 3, Census Tract 2704.02, Baltimore city, Maryland","medincome","75536","59965.2765957447",75536
"103","245101601003","Block Group 3, Census Tract 1601, Baltimore city, Maryland","medincome","19231","17424.3404255319",19231
"104","245101601001","Block Group 1, Census Tract 1601, Baltimore city, Maryland","medincome","NA","-264775413.446808",
"105","245100901001","Block Group 1, Census Tract 901, Baltimore city, Maryland","medincome","41114","5651.23404255319",41114
"106","245102001001","Block Group 1, Census Tract 2001, Baltimore city, Maryland","medincome","28173","18115.4042553191",28173
"107","245102707031","Block Group 1, Census Tract 2707.03, Baltimore city, Maryland","medincome","55391","20285.1063829787",55391
"108","245101303001","Block Group 1, Census Tract 1303, Baltimore city, Maryland","medincome","68000","42063.1489361702",68000
"109","245102708055","Block Group 5, Census Tract 2708.05, Baltimore city, Maryland","medincome","84417","30438.9787234043",84417
"110","245101507022","Block Group 2, Census Tract 1507.02, Baltimore city, Maryland","medincome","61583","25751.6595744681",61583
"111","245100704003","Block Group 3, Census Tract 704, Baltimore city, Maryland","medincome","16862","4141.6170212766",16862
"112","245101207002","Block Group 2, Census Tract 1207, Baltimore city, Maryland","medincome","44000","22684.7659574468",44000
"113","245101508004","Block Group 4, Census Tract 1508, Baltimore city, Maryland","medincome","56131","64058.0425531915",56131
"114","245101203003","Block Group 3, Census Tract 1203, Baltimore city, Maryland","medincome","53036","48478.1276595745",53036
"115","245101302003","Block Group 3, Census Tract 1302, Baltimore city, Maryland","medincome","45234","32674.2127659574",45234
"116","245100909002","Block Group 2, Census Tract 909, Baltimore city, Maryland","medincome","21779","8883.74468085106",21779
"117","245100802001","Block Group 1, Census Tract 802, Baltimore city, Maryland","medincome","65250","54346.2127659574",65250
"118","245102602023","Block Group 3, Census Tract 2602.02, Baltimore city, Maryland","medincome","50526","14433.7021276596",50526
"119","245101001003","Block Group 3, Census Tract 1001, Baltimore city, Maryland","medincome","42396","22084.2553191489",42396
"120","245101607007","Block Group 7, Census Tract 1607, Baltimore city, Maryland","medincome","41029","15657.3617021277",41029
"121","245102501011","Block Group 1, Census Tract 2501.01, Baltimore city, Maryland","medincome","36394","13896.3404255319",36394
"122","245101301003","Block Group 3, Census Tract 1301, Baltimore city, Maryland","medincome","37431","23313.8723404255",37431
"123","245102717002","Block Group 2, Census Tract 2717, Baltimore city, Maryland","medincome","29028","30584.3404255319",29028
"124","245102604012","Block Group 2, Census Tract 2604.01, Baltimore city, Maryland","medincome","39188","15236.7659574468",39188
"125","245102502032","Block Group 2, Census Tract 2502.03, Baltimore city, Maryland","medincome","36250","12523.7446808511",36250
"126","245100701002","Block Group 2, Census Tract 701, Baltimore city, Maryland","medincome","31384","19308.085106383",31384
"127","245100704001","Block Group 1, Census Tract 704, Baltimore city, Maryland","medincome","36250","25987.5744680851",36250
"128","245100702004","Block Group 4, Census Tract 702, Baltimore city, Maryland","medincome","38667","45365.9574468085",38667
"129","245100602004","Block Group 4, Census Tract 602, Baltimore city, Maryland","medincome","92813","44576",92813
"130","245102709033","Block Group 3, Census Tract 2709.03, Baltimore city, Maryland","medincome","28636","21487.3191489362",28636
"131","245101501001","Block Group 1, Census Tract 1501, Baltimore city, Maryland","medincome","21714","7023.82978723404",21714
"132","245100907003","Block Group 3, Census Tract 907, Baltimore city, Maryland","medincome","27500","26167.4893617021",27500
"133","245102710025","Block Group 5, Census Tract 2710.02, Baltimore city, Maryland","medincome","29271","8178.3829787234",29271
"134","245102802001","Block Group 1, Census Tract 2802, Baltimore city, Maryland","medincome","85313","21104.8510638298",85313
"135","245101508006","Block Group 6, Census Tract 1508, Baltimore city, Maryland","medincome","NA","-264775413.446808",
"136","245101403001","Block Group 1, Census Tract 1403, Baltimore city, Maryland","medincome","NA","-264775413.446808",
"137","245101605003","Block Group 3, Census Tract 1605, Baltimore city, Maryland","medincome","18333","16578.3829787234",18333
"138","245101203002","Block Group 2, Census Tract 1203, Baltimore city, Maryland","medincome","64286","27406.6382978723",64286
"139","245100803021","Block Group 1, Census Tract 803.02, Baltimore city, Maryland","medincome","29932","12996.7659574468",29932
"140","245101307001","Block Group 1, Census Tract 1307, Baltimore city, Maryland","medincome","36477","32769.5319148936",36477
"141","245100907002","Block Group 2, Census Tract 907, Baltimore city, Maryland","medincome","NA","-264775413.446808",
"142","245102604021","Block Group 1, Census Tract 2604.02, Baltimore city, Maryland","medincome","46602","8521.53191489362",46602
"143","245101801002","Block Group 2, Census Tract 1801, Baltimore city, Maryland","medincome","11165","4454.97872340426",11165
"144","245101608013","Block Group 3, Census Tract 1608.01, Baltimore city, Maryland","medincome","67917","14675.5744680851",67917
"145","245100104001","Block Group 1, Census Tract 104, Baltimore city, Maryland","medincome","89688","37707.0638297872",89688
"146","245102502063","Block Group 3, Census Tract 2502.06, Baltimore city, Maryland","medincome","56042","19527.3191489362",56042
"147","245102005005","Block Group 5, Census Tract 2005, Baltimore city, Maryland","medincome","31078","10203.914893617",31078
"148","245101608012","Block Group 2, Census Tract 1608.01, Baltimore city, Maryland","medincome","31250","36137.8723404255",31250
"149","245100102003","Block Group 3, Census Tract 102, Baltimore city, Maryland","medincome","133816","29800.3404255319",133816
"150","245102403002","Block Group 2, Census Tract 2403, Baltimore city, Maryland","medincome","97583","42075.0638297872",97583
"151","245102702003","Block Group 3, Census Tract 2702, Baltimore city, Maryland","medincome","83636","20822.4680851064",83636
"152","245100401002","Block Group 2, Census Tract 401, Baltimore city, Maryland","medincome","59669","4850.55319148936",59669
"153","245102608002","Block Group 2, Census Tract 2608, Baltimore city, Maryland","medincome","60598","18320.3404255319",60598
"154","245101402003","Block Group 3, Census Tract 1402, Baltimore city, Maryland","medincome","NA","-264775413.446808",
"155","245101503002","Block Group 2, Census Tract 1503, Baltimore city, Maryland","medincome","45125","19726.2978723404",45125
"156","245102716005","Block Group 5, Census Tract 2716, Baltimore city, Maryland","medincome","NA","-264775413.446808",
"157","245100602001","Block Group 1, Census Tract 602, Baltimore city, Maryland","medincome","55689","25338.2127659574",55689
"158","245102719004","Block Group 4, Census Tract 2719, Baltimore city, Maryland","medincome","NA","-264775413.446808",
"159","245102008002","Block Group 2, Census Tract 2008, Baltimore city, Maryland","medincome","44844","13143.3191489362",44844
"160","245102002004","Block Group 4, Census Tract 2002, Baltimore city, Maryland","medincome","24118","26852.5957446808",24118
"161","245101402004","Block Group 4, Census Tract 1402, Baltimore city, Maryland","medincome","NA","-264775413.446808",
"162","245102201004","Block Group 4, Census Tract 2201, Baltimore city, Maryland","medincome","128250","37564.085106383",128250
"163","245102603021","Block Group 1, Census Tract 2603.02, Baltimore city, Maryland","medincome","55130","61147.2340425532",55130
"164","245102602013","Block Group 3, Census Tract 2602.01, Baltimore city, Maryland","medincome","25391","14046.4680851064",25391
"165","245102002002","Block Group 2, Census Tract 2002, Baltimore city, Maryland","medincome","26154","10226.5531914894",26154
"166","245101307002","Block Group 2, Census Tract 1307, Baltimore city, Maryland","medincome","74861","45725.7872340426",74861
"167","245102710024","Block Group 4, Census Tract 2710.02, Baltimore city, Maryland","medincome","21250","24033.5319148936",21250
"168","245102601014","Block Group 4, Census Tract 2601.01, Baltimore city, Maryland","medincome","61546","11980.4255319149",61546
"169","245100908003","Block Group 3, Census Tract 908, Baltimore city, Maryland","medincome","41184","25545.5319148936",41184
"170","245102706005","Block Group 5, Census Tract 2706, Baltimore city, Maryland","medincome","50688","11118.9787234043",50688
"171","245102707011","Block Group 1, Census Tract 2707.01, Baltimore city, Maryland","medincome","36994","15627.5744680851",36994
"172","245101509001","Block Group 1, Census Tract 1509, Baltimore city, Maryland","medincome","41727","24502.9787234043",41727
"173","245102502053","Block Group 3, Census Tract 2502.05, Baltimore city, Maryland","medincome","44250","46501.4468085106",44250
"174","245102504013","Block Group 3, Census Tract 2504.01, Baltimore city, Maryland","medincome","52177","49291.914893617",52177
"175","245102701023","Block Group 3, Census Tract 2701.02, Baltimore city, Maryland","medincome","72639","26227.0638297872",72639
"176","245102301001","Block Group 1, Census Tract 2301, Baltimore city, Maryland","medincome","92438","24812.7659574468",92438
"177","245102705013","Block Group 3, Census Tract 2705.01, Baltimore city, Maryland","medincome","54913","13832",54913
"178","245101607005","Block Group 5, Census Tract 1607, Baltimore city, Maryland","medincome","40893","28135.829787234",40893
"179","245101606005","Block Group 5, Census Tract 1606, Baltimore city, Maryland","medincome","65243","24647.1489361702",65243
"180","245101501002","Block Group 2, Census Tract 1501, Baltimore city, Maryland","medincome","NA","-264775413.446808",
"181","245102504021","Block Group 1, Census Tract 2504.02, Baltimore city, Maryland","medincome","66759","38967.6595744681",66759
"182","245102502055","Block Group 5, Census Tract 2502.05, Baltimore city, Maryland","medincome","41563","38236.085106383",41563
"183","245101403003","Block Group 3, Census Tract 1403, Baltimore city, Maryland","medincome","44643","14787.5744680851",44643
"184","245102603011","Block Group 1, Census Tract 2603.01, Baltimore city, Maryland","medincome","37311","23359.1489361702",37311
"185","245100806002","Block Group 2, Census Tract 806, Baltimore city, Maryland","medincome","46012","16187.5744680851",46012
"186","245100704002","Block Group 2, Census Tract 704, Baltimore city, Maryland","medincome","14856","14726.8085106383",14856
"187","245101602002","Block Group 2, Census Tract 1602, Baltimore city, Maryland","medincome","13571","2623.65957446808",13571
"188","245101605002","Block Group 2, Census Tract 1605, Baltimore city, Maryland","medincome","26731","10595.914893617",26731
"189","245102708033","Block Group 3, Census Tract 2708.03, Baltimore city, Maryland","medincome","46058","18053.4468085106",46058
"190","245101701002","Block Group 2, Census Tract 1701, Baltimore city, Maryland","medincome","27390","7610.04255319149",27390
"191","245100905001","Block Group 1, Census Tract 905, Baltimore city, Maryland","medincome","41696","11421.6170212766",41696
"192","245100901003","Block Group 3, Census Tract 901, Baltimore city, Maryland","medincome","73345","8258.21276595745",73345
"193","245101302001","Block Group 1, Census Tract 1302, Baltimore city, Maryland","medincome","82434","46177.3617021277",82434
"194","245100904001","Block Group 1, Census Tract 904, Baltimore city, Maryland","medincome","35592","7735.14893617021",35592
"195","245102705012","Block Group 2, Census Tract 2705.01, Baltimore city, Maryland","medincome","58854","45853.2765957447",58854
"196","245102720053","Block Group 3, Census Tract 2720.05, Baltimore city, Maryland","medincome","63333","22757.4468085106",63333
"197","245101001004","Block Group 4, Census Tract 1001, Baltimore city, Maryland","medincome","26581","10723.4042553191",26581
"198","245101506001","Block Group 1, Census Tract 1506, Baltimore city, Maryland","medincome","50875","19228.2553191489",50875
"199","245102720052","Block Group 2, Census Tract 2720.05, Baltimore city, Maryland","medincome","85938","48568.6808510638",85938
"200","245101512004","Block Group 4, Census Tract 1512, Baltimore city, Maryland","medincome","18333","16016",18333
"201","245102702002","Block Group 2, Census Tract 2702, Baltimore city, Maryland","medincome","69688","14133.4468085106",69688
"202","245102707023","Block Group 3, Census Tract 2707.02, Baltimore city, Maryland","medincome","56250","12156.7659574468",56250
"203","245101202012","Block Group 2, Census Tract 1202.01, Baltimore city, Maryland","medincome","84063","27544.8510638298",84063
"204","245102718024","Block Group 4, Census Tract 2718.02, Baltimore city, Maryland","medincome","28245","7520.68085106383",28245
"205","245101003001","Block Group 1, Census Tract 1003, Baltimore city, Maryland","medincome","NA","-264775413.446808",
"206","245102001002","Block Group 2, Census Tract 2001, Baltimore city, Maryland","medincome","32063","11622.9787234043",32063
"207","245102004002","Block Group 2, Census Tract 2004, Baltimore city, Maryland","medincome","29464","8594.21276595745",29464
"208","245100401001","Block Group 1, Census Tract 401, Baltimore city, Maryland","medincome","71800","13603.2340425532",71800
"209","245101307006","Block Group 6, Census Tract 1307, Baltimore city, Maryland","medincome","68333","34604.4255319149",68333
"210","245100806001","Block Group 1, Census Tract 806, Baltimore city, Maryland","medincome","NA","-264775413.446808",
"211","245101702003","Block Group 3, Census Tract 1702, Baltimore city, Maryland","medincome","13125","5921.70212765957",13125
"212","245101202023","Block Group 3, Census Tract 1202.02, Baltimore city, Maryland","medincome","NA","-264775413.446808",
"213","245101202025","Block Group 5, Census Tract 1202.02, Baltimore city, Maryland","medincome","36167","17920",36167
"214","245102801026","Block Group 6, Census Tract 2801.02, Baltimore city, Maryland","medincome","39167","35826.8936170213",39167
"215","245102503012","Block Group 2, Census Tract 2503.01, Baltimore city, Maryland","medincome","18125","6768.85106382979",18125
"216","245102603025","Block Group 5, Census Tract 2603.02, Baltimore city, Maryland","medincome","62169","13824.8510638298",62169
"217","245102720073","Block Group 3, Census Tract 2720.07, Baltimore city, Maryland","medincome","42054","14542.1276595745",42054
"218","245100301002","Block Group 2, Census Tract 301, Baltimore city, Maryland","medincome","30375","33741.7872340426",30375
"219","245100804001","Block Group 1, Census Tract 804, Baltimore city, Maryland","medincome","41813","18531.2340425532",41813
"220","245100903004","Block Group 4, Census Tract 903, Baltimore city, Maryland","medincome","41591","21631.4893617021",41591
"221","245101202011","Block Group 1, Census Tract 1202.01, Baltimore city, Maryland","medincome","82353","27842.7234042553",82353
"222","245101502003","Block Group 3, Census Tract 1502, Baltimore city, Maryland","medincome","26620","13792.6808510638",26620
"223","245101403004","Block Group 4, Census Tract 1403, Baltimore city, Maryland","medincome","45257","11876.7659574468",45257
"224","245101401003","Block Group 3, Census Tract 1401, Baltimore city, Maryland","medincome","22785","23107.7446808511",22785
"225","245100703001","Block Group 1, Census Tract 703, Baltimore city, Maryland","medincome","30972","12679.829787234",30972
"226","245101301001","Block Group 1, Census Tract 1301, Baltimore city, Maryland","medincome","58889","19479.6595744681",58889
"227","245102805003","Block Group 3, Census Tract 2805, Baltimore city, Maryland","medincome","12121","3442.21276595745",12121
"228","245102709022","Block Group 2, Census Tract 2709.02, Baltimore city, Maryland","medincome","64545","26636.9361702128",64545
"229","245102504023","Block Group 3, Census Tract 2504.02, Baltimore city, Maryland","medincome","51932","18089.1914893617",51932
"230","245102718022","Block Group 2, Census Tract 2718.02, Baltimore city, Maryland","medincome","32150","3047.82978723404",32150
"231","245102701022","Block Group 2, Census Tract 2701.02, Baltimore city, Maryland","medincome","61429","26762.0425531915",61429
"232","245100906003","Block Group 3, Census Tract 906, Baltimore city, Maryland","medincome","40385","32497.8723404255",40385
"233","245102715012","Block Group 2, Census Tract 2715.01, Baltimore city, Maryland","medincome","100714","73351.6595744681",100714
"234","245100601004","Block Group 4, Census Tract 601, Baltimore city, Maryland","medincome","49931","57197.4468085106",49931
"235","245101303002","Block Group 2, Census Tract 1303, Baltimore city, Maryland","medincome","47083","16998.9787234043",47083
"236","245100805001","Block Group 1, Census Tract 805, Baltimore city, Maryland","medincome","19750","21674.3829787234",19750
"237","245101002002","Block Group 2, Census Tract 1002, Baltimore city, Maryland","medincome","25042","8569.1914893617",25042
"238","245100301001","Block Group 1, Census Tract 301, Baltimore city, Maryland","medincome","18855","7184.68085106383",18855
"239","245101513005","Block Group 5, Census Tract 1513, Baltimore city, Maryland","medincome","34773","16117.2765957447",34773
"240","245102719003","Block Group 3, Census Tract 2719, Baltimore city, Maryland","medincome","34342","28948.4255319149",34342
"241","245101203004","Block Group 4, Census Tract 1203, Baltimore city, Maryland","medincome","23438","18366.8085106383",23438
"242","245100909001","Block Group 1, Census Tract 909, Baltimore city, Maryland","medincome","37372","14010.7234042553",37372
"243","245102706004","Block Group 4, Census Tract 2706, Baltimore city, Maryland","medincome","81935","9179.23404255319",81935
"244","245101306002","Block Group 2, Census Tract 1306, Baltimore city, Maryland","medincome","85000","42467.0638297872",85000
"245","245102502052","Block Group 2, Census Tract 2502.05, Baltimore city, Maryland","medincome","37063","16788.085106383",37063
"246","245101902001","Block Group 1, Census Tract 1902, Baltimore city, Maryland","medincome","41250","46393.0212765957",41250
"247","245101204002","Block Group 2, Census Tract 1204, Baltimore city, Maryland","medincome","29766","32888.6808510638",29766
"248","245102720035","Block Group 5, Census Tract 2720.03, Baltimore city, Maryland","medincome","107418","79307.914893617",107418
"249","245100203002","Block Group 2, Census Tract 203, Baltimore city, Maryland","medincome","110114","88103.4893617021",110114
"250","245102717003","Block Group 3, Census Tract 2717, Baltimore city, Maryland","medincome","62917","17620.9361702128",62917
"251","245101604003","Block Group 3, Census Tract 1604, Baltimore city, Maryland","medincome","44338","24827.0638297872",44338
"252","245102804014","Block Group 4, Census Tract 2804.01, Baltimore city, Maryland","medincome","42188","20760.5106382979",42188
"253","245101607001","Block Group 1, Census Tract 1607, Baltimore city, Maryland","medincome","38984","21677.9574468085",38984
"254","245101101002","Block Group 2, Census Tract 1101, Baltimore city, Maryland","medincome","52279","10418.3829787234",52279
"255","245101308042","Block Group 2, Census Tract 1308.04, Baltimore city, Maryland","medincome","68500","18076.085106383",68500
"256","245101203001","Block Group 1, Census Tract 1203, Baltimore city, Maryland","medincome","63717","16920.3404255319",63717
"257","245101602001","Block Group 1, Census Tract 1602, Baltimore city, Maryland","medincome","43289","17650.7234042553",43289
"258","245101504001","Block Group 1, Census Tract 1504, Baltimore city, Maryland","medincome","22829","21245.4468085106",22829
"259","245101503003","Block Group 3, Census Tract 1503, Baltimore city, Maryland","medincome","38884","29981.4468085106",38884
"260","245102008001","Block Group 1, Census Tract 2008, Baltimore city, Maryland","medincome","28333","9618.89361702128",28333
"261","245101302002","Block Group 2, Census Tract 1302, Baltimore city, Maryland","medincome","NA","-264775413.446808",
"262","245102605011","Block Group 1, Census Tract 2605.01, Baltimore city, Maryland","medincome","56738","16530.7234042553",56738
"263","245102717001","Block Group 1, Census Tract 2717, Baltimore city, Maryland","medincome","11532","4202.3829787234",11532
"264","245101507023","Block Group 3, Census Tract 1507.02, Baltimore city, Maryland","medincome","NA","-264775413.446808",
"265","245102606054","Block Group 4, Census Tract 2606.05, Baltimore city, Maryland","medincome","NA","-264775413.446808",
"266","245102504012","Block Group 2, Census Tract 2504.01, Baltimore city, Maryland","medincome","50875","39818.3829787234",50875
"267","245102804012","Block Group 2, Census Tract 2804.01, Baltimore city, Maryland","medincome","105417","65919.1489361702",105417
"268","245100806004","Block Group 4, Census Tract 806, Baltimore city, Maryland","medincome","32938","26317.6170212766",32938
"269","245102602031","Block Group 1, Census Tract 2602.03, Baltimore city, Maryland","medincome","33036","6216",33036
"270","245100703002","Block Group 2, Census Tract 703, Baltimore city, Maryland","medincome","NA","-264775413.446808",
"271","245102703012","Block Group 2, Census Tract 2703.01, Baltimore city, Maryland","medincome","77763","33526.1276595745",77763
"272","245102711011","Block Group 1, Census Tract 2711.01, Baltimore city, Maryland","medincome","37273","19739.4042553191",37273
"273","245101601002","Block Group 2, Census Tract 1601, Baltimore city, Maryland","medincome","30813","7025.02127659574",30813
"274","245102802003","Block Group 3, Census Tract 2802, Baltimore city, Maryland","medincome","41250","39767.1489361702",41250
"275","245102716002","Block Group 2, Census Tract 2716, Baltimore city, Maryland","medincome","26923","4992.34042553191",26923
"276","245102704014","Block Group 4, Census Tract 2704.01, Baltimore city, Maryland","medincome","77986","44906.0425531915",77986
"277","245101001001","Block Group 1, Census Tract 1001, Baltimore city, Maryland","medincome","30227","21794.7234042553",30227
"278","245102801023","Block Group 3, Census Tract 2801.02, Baltimore city, Maryland","medincome","35824","40884.7659574468",35824
"279","245102715014","Block Group 4, Census Tract 2715.01, Baltimore city, Maryland","medincome","141250","41783.1489361702",141250
"280","245102720051","Block Group 1, Census Tract 2720.05, Baltimore city, Maryland","medincome","50921","23560.5106382979",50921
"281","245102505005","Block Group 5, Census Tract 2505, Baltimore city, Maryland","medincome","35840","3369.53191489362",35840
"282","245102606052","Block Group 2, Census Tract 2606.05, Baltimore city, Maryland","medincome","34079","14729.1914893617",34079
"283","245101401001","Block Group 1, Census Tract 1401, Baltimore city, Maryland","medincome","52266","18780.2553191489",52266
"284","245101604004","Block Group 4, Census Tract 1604, Baltimore city, Maryland","medincome","26034","9062.46808510638",26034
"285","245102711012","Block Group 2, Census Tract 2711.01, Baltimore city, Maryland","medincome","NA","-264775413.446808",
"286","245102716003","Block Group 3, Census Tract 2716, Baltimore city, Maryland","medincome","NA","-264775413.446808",
"287","245101510004","Block Group 4, Census Tract 1510, Baltimore city, Maryland","medincome","41842","21587.4042553191",41842
"288","245102610002","Block Group 2, Census Tract 2610, Baltimore city, Maryland","medincome","40726","26253.2765957447",40726
"289","245101205001","Block Group 1, Census Tract 1205, Baltimore city, Maryland","medincome","56920","26804.9361702128",56920
"290","245102603015","Block Group 5, Census Tract 2603.01, Baltimore city, Maryland","medincome","45500","42938.8936170213",45500
"291","245101608022","Block Group 2, Census Tract 1608.02, Baltimore city, Maryland","medincome","53846","28407.4893617021",53846
"292","245101403002","Block Group 2, Census Tract 1403, Baltimore city, Maryland","medincome","42639","41380.4255319149",42639
"293","245102805004","Block Group 4, Census Tract 2805, Baltimore city, Maryland","medincome","15688","4968.51063829787",15688
"294","245102506001","Block Group 1, Census Tract 2506, Baltimore city, Maryland","medincome","NA","-264775413.446808",
"295","245100203001","Block Group 1, Census Tract 203, Baltimore city, Maryland","medincome","73986","30525.9574468085",73986
"296","245101201002","Block Group 2, Census Tract 1201, Baltimore city, Maryland","medincome","64773","28813.7872340426",64773
"297","245100803013","Block Group 3, Census Tract 803.01, Baltimore city, Maryland","medincome","48571","18344.170212766",48571
"298","245101512005","Block Group 5, Census Tract 1512, Baltimore city, Maryland","medincome","21264","1439.31914893617",21264
"299","245102714003","Block Group 3, Census Tract 2714, Baltimore city, Maryland","medincome","109375","35768.5106382979",109375
"300","245102604032","Block Group 2, Census Tract 2604.03, Baltimore city, Maryland","medincome","NA","-264775413.446808",
"301","245102708032","Block Group 2, Census Tract 2708.03, Baltimore city, Maryland","medincome","47781","9935.82978723404",47781
"302","245102715031","Block Group 1, Census Tract 2715.03, Baltimore city, Maryland","medincome","71875","22828.9361702128",71875
"303","245102003001","Block Group 1, Census Tract 2003, Baltimore city, Maryland","medincome","31042","11737.3617021277",31042
"304","245102803021","Block Group 1, Census Tract 2803.02, Baltimore city, Maryland","medincome","40732","9939.40425531915",40732
"305","245102713002","Block Group 2, Census Tract 2713, Baltimore city, Maryland","medincome","86250","65642.7234042553",86250
"306","245101607002","Block Group 2, Census Tract 1607, Baltimore city, Maryland","medincome","37240","14266.8936170213",37240
"307","245100102004","Block Group 4, Census Tract 102, Baltimore city, Maryland","medincome","113875","25713.5319148936",113875
"308","245100803024","Block Group 4, Census Tract 803.02, Baltimore city, Maryland","medincome","33068","21201.3617021277",33068
"309","245101308032","Block Group 2, Census Tract 1308.03, Baltimore city, Maryland","medincome","46827","22299.914893617",46827
"310","245102708044","Block Group 4, Census Tract 2708.04, Baltimore city, Maryland","medincome","79779","40756.085106383",79779
"311","245102609001","Block Group 1, Census Tract 2609, Baltimore city, Maryland","medincome","102813","65923.914893617",102813
"312","245102708023","Block Group 3, Census Tract 2708.02, Baltimore city, Maryland","medincome","50231","25762.3829787234",50231
"313","245101304003","Block Group 3, Census Tract 1304, Baltimore city, Maryland","medincome","23125","10165.7872340426",23125
"314","245102603031","Block Group 1, Census Tract 2603.03, Baltimore city, Maryland","medincome","17125","5565.44680851064",17125
"315","245102102002","Block Group 2, Census Tract 2102, Baltimore city, Maryland","medincome","29514","13225.5319148936",29514
"316","245101606002","Block Group 2, Census Tract 1606, Baltimore city, Maryland","medincome","44063","42444.4255319149",44063
"317","245101202021","Block Group 1, Census Tract 1202.02, Baltimore city, Maryland","medincome","NA","-264775413.446808",
"318","245101506005","Block Group 5, Census Tract 1506, Baltimore city, Maryland","medincome","36116","17642.3829787234",36116
"319","245100702003","Block Group 3, Census Tract 702, Baltimore city, Maryland","medincome","24432","11154.7234042553",24432
"320","245101202024","Block Group 4, Census Tract 1202.02, Baltimore city, Maryland","medincome","36500","12775.1489361702",36500
"321","245101903001","Block Group 1, Census Tract 1903, Baltimore city, Maryland","medincome","25625","15248.6808510638",25625
"322","245100601001","Block Group 1, Census Tract 601, Baltimore city, Maryland","medincome","20577","10309.9574468085",20577
"323","245102602032","Block Group 2, Census Tract 2602.03, Baltimore city, Maryland","medincome","62734","29656.170212766",62734
"324","245101205002","Block Group 2, Census Tract 1205, Baltimore city, Maryland","medincome","61736","15105.7021276596",61736
"325","245101306003","Block Group 3, Census Tract 1306, Baltimore city, Maryland","medincome","98281","36171.2340425532",98281
"326","245101511002","Block Group 2, Census Tract 1511, Baltimore city, Maryland","medincome","35679","33476.085106383",35679
"327","245100201002","Block Group 2, Census Tract 201, Baltimore city, Maryland","medincome","97222","22164.085106383",97222
"328","245101102002","Block Group 2, Census Tract 1102, Baltimore city, Maryland","medincome","35613","9080.34042553191",35613
"329","245102604041","Block Group 1, Census Tract 2604.04, Baltimore city, Maryland","medincome","NA","-264775413.446808",
"330","245102504024","Block Group 4, Census Tract 2504.02, Baltimore city, Maryland","medincome","56991","20711.6595744681",56991
"331","245100806003","Block Group 3, Census Tract 806, Baltimore city, Maryland","medincome","34375","28544.5106382979",34375
"332","245101511003","Block Group 3, Census Tract 1511, Baltimore city, Maryland","medincome","55151","16282.8936170213",55151
"333","245102404001","Block Group 1, Census Tract 2404, Baltimore city, Maryland","medincome","95347","25426.3829787234",95347
"334","245102503011","Block Group 1, Census Tract 2503.01, Baltimore city, Maryland","medincome","73828","27586.5531914894",73828
"335","245102701011","Block Group 1, Census Tract 2701.01, Baltimore city, Maryland","medincome","82050","34092.085106383",82050
"336","245100202002","Block Group 2, Census Tract 202, Baltimore city, Maryland","medincome","125833","7824.51063829787",125833
"337","245102716001","Block Group 1, Census Tract 2716, Baltimore city, Maryland","medincome","20357","14388.4255319149",20357
"338","245102710023","Block Group 3, Census Tract 2710.02, Baltimore city, Maryland","medincome","37586","9892.93617021277",37586
"339","245101605001","Block Group 1, Census Tract 1605, Baltimore city, Maryland","medincome","41633","11185.7021276596",41633
"340","245101513001","Block Group 1, Census Tract 1513, Baltimore city, Maryland","medincome","28594","28376.5106382979",28594
"341","245101901002","Block Group 2, Census Tract 1901, Baltimore city, Maryland","medincome","25563","13387.5744680851",25563
"342","245102501022","Block Group 2, Census Tract 2501.02, Baltimore city, Maryland","medincome","38458","9932.25531914894",38458
"343","245102501033","Block Group 3, Census Tract 2501.03, Baltimore city, Maryland","medincome","51250","20008.6808510638",51250
"344","245102719002","Block Group 2, Census Tract 2719, Baltimore city, Maryland","medincome","NA","-264775413.446808",
"345","245101607004","Block Group 4, Census Tract 1607, Baltimore city, Maryland","medincome","28068","11976.8510638298",28068
"346","245101206001","Block Group 1, Census Tract 1206, Baltimore city, Maryland","medincome","31380","9286.46808510638",31380
"347","245102003002","Block Group 2, Census Tract 2003, Baltimore city, Maryland","medincome","21810","8136.68085106383",21810
"348","245102803011","Block Group 1, Census Tract 2803.01, Baltimore city, Maryland","medincome","70404","36035.4042553191",70404
"349","245100201001","Block Group 1, Census Tract 201, Baltimore city, Maryland","medincome","72917","27165.9574468085",72917
"350","245102712002","Block Group 2, Census Tract 2712, Baltimore city, Maryland","medincome","77879","22186.7234042553",77879
"351","245102710011","Block Group 1, Census Tract 2710.01, Baltimore city, Maryland","medincome","54792","48426.8936170213",54792
"352","245102804013","Block Group 3, Census Tract 2804.01, Baltimore city, Maryland","medincome","NA","-264775413.446808",
"353","245102804042","Block Group 2, Census Tract 2804.04, Baltimore city, Maryland","medincome","61410","2523.57446808511",61410
"354","245102601024","Block Group 4, Census Tract 2601.02, Baltimore city, Maryland","medincome","55586","25645.6170212766",55586
"355","245101507021","Block Group 1, Census Tract 1507.02, Baltimore city, Maryland","medincome","49861","27341.1063829787",49861
"356","245102401001","Block Group 1, Census Tract 2401, Baltimore city, Maryland","medincome","139398","22819.4042553191",139398
"357","245102804034","Block Group 4, Census Tract 2804.03, Baltimore city, Maryland","medincome","63472","42250.2127659574",63472
"358","245101509004","Block Group 4, Census Tract 1509, Baltimore city, Maryland","medincome","30625","11438.2978723404",30625
"359","245101207001","Block Group 1, Census Tract 1207, Baltimore city, Maryland","medincome","77566","29945.7021276596",77566
"360","245102710021","Block Group 1, Census Tract 2710.02, Baltimore city, Maryland","medincome","55729","36579.914893617",55729
"361","245102804011","Block Group 1, Census Tract 2804.01, Baltimore city, Maryland","medincome","51250","51056.5106382979",51250
"362","245101511001","Block Group 1, Census Tract 1511, Baltimore city, Maryland","medincome","46477","31256.3404255319",46477
"363","245101308061","Block Group 1, Census Tract 1308.06, Baltimore city, Maryland","medincome","87188","20491.2340425532",87188
"364","245102703013","Block Group 3, Census Tract 2703.01, Baltimore city, Maryland","medincome","65417","32183.3191489362",65417
"365","245100808001","Block Group 1, Census Tract 808, Baltimore city, Maryland","medincome","28750","13236.2553191489",28750
"366","245101902002","Block Group 2, Census Tract 1902, Baltimore city, Maryland","medincome","32500","20131.4042553191",32500
"367","245101513003","Block Group 3, Census Tract 1513, Baltimore city, Maryland","medincome","31053","13364.9361702128",31053
"368","245102714002","Block Group 2, Census Tract 2714, Baltimore city, Maryland","medincome","139444","56067.914893617",139444
"369","245102502051","Block Group 1, Census Tract 2502.05, Baltimore city, Maryland","medincome","NA","-264775413.446808",
"370","245102403003","Block Group 3, Census Tract 2403, Baltimore city, Maryland","medincome","127440","25715.914893617",127440
"371","245102603023","Block Group 3, Census Tract 2603.02, Baltimore city, Maryland","medincome","NA","-264775413.446808",
"372","245102708051","Block Group 1, Census Tract 2708.05, Baltimore city, Maryland","medincome","54797","11053.4468085106",54797
"373","245102720042","Block Group 2, Census Tract 2720.04, Baltimore city, Maryland","medincome","34826","9166.12765957447",34826
"374","245102715013","Block Group 3, Census Tract 2715.01, Baltimore city, Maryland","medincome","142875","73444.5957446808",142875
"375","245102802006","Block Group 6, Census Tract 2802, Baltimore city, Maryland","medincome","41914","16498.5531914894",41914
"376","245101402001","Block Group 1, Census Tract 1402, Baltimore city, Maryland","medincome","NA","-264775413.446808",
"377","245102708013","Block Group 3, Census Tract 2708.01, Baltimore city, Maryland","medincome","54675","23095.829787234",54675
"378","245102720034","Block Group 4, Census Tract 2720.03, Baltimore city, Maryland","medincome","57478","22461.9574468085",57478
"379","245101308033","Block Group 3, Census Tract 1308.03, Baltimore city, Maryland","medincome","68125","26896.6808510638",68125
"380","245102718011","Block Group 1, Census Tract 2718.01, Baltimore city, Maryland","medincome","30484","9045.78723404255",30484
"381","245101501003","Block Group 3, Census Tract 1501, Baltimore city, Maryland","medincome","15565","12154.3829787234",15565
"382","245100907004","Block Group 4, Census Tract 907, Baltimore city, Maryland","medincome","NA","-264775413.446808",
"383","245102720033","Block Group 3, Census Tract 2720.03, Baltimore city, Maryland","medincome","54858","23909.6170212766",54858
"384","245102713001","Block Group 1, Census Tract 2713, Baltimore city, Maryland","medincome","150139","44680.8510638298",150139
"385","245101510001","Block Group 1, Census Tract 1510, Baltimore city, Maryland","medincome","26179","12614.2978723404",26179
"386","245101306001","Block Group 1, Census Tract 1306, Baltimore city, Maryland","medincome","102768","28608.8510638298",102768
"387","245102801025","Block Group 5, Census Tract 2801.02, Baltimore city, Maryland","medincome","59504","22273.7021276596",59504
"388","245102713003","Block Group 3, Census Tract 2713, Baltimore city, Maryland","medincome","208864","57118.8085106383",208864
"389","245102804031","Block Group 1, Census Tract 2804.03, Baltimore city, Maryland","medincome","41908","32894.6382978723",41908
"390","245101505001","Block Group 1, Census Tract 1505, Baltimore city, Maryland","medincome","32604","11689.7021276596",32604
"391","245102002003","Block Group 3, Census Tract 2002, Baltimore city, Maryland","medincome","NA","-264775413.446808",
"392","245102708043","Block Group 3, Census Tract 2708.04, Baltimore city, Maryland","medincome","87031","41630.6382978723",87031
"393","245102705024","Block Group 4, Census Tract 2705.02, Baltimore city, Maryland","medincome","68750","28307.4042553191",68750
"394","245102712001","Block Group 1, Census Tract 2712, Baltimore city, Maryland","medincome","120179","95315.5744680851",120179
"395","245102303002","Block Group 2, Census Tract 2303, Baltimore city, Maryland","medincome","108333","19877.6170212766",108333
"396","245100803011","Block Group 1, Census Tract 803.01, Baltimore city, Maryland","medincome","41875","21955.5744680851",41875
"397","245100903002","Block Group 2, Census Tract 903, Baltimore city, Maryland","medincome","21196","11522.8936170213",21196
"398","245100805002","Block Group 2, Census Tract 805, Baltimore city, Maryland","medincome","37955","18743.3191489362",37955
"399","245102708014","Block Group 4, Census Tract 2708.01, Baltimore city, Maryland","medincome","66957","28036.9361702128",66957
"400","245102503033","Block Group 3, Census Tract 2503.03, Baltimore city, Maryland","medincome","40375","38835.4042553191",40375
"401","245101506004","Block Group 4, Census Tract 1506, Baltimore city, Maryland","medincome","NA","-264775413.446808",
"402","245102801022","Block Group 2, Census Tract 2801.02, Baltimore city, Maryland","medincome","56711","21948.4255319149",56711
"403","245101101001","Block Group 1, Census Tract 1101, Baltimore city, Maryland","medincome","62500","21005.9574468085",62500
"404","245102703011","Block Group 1, Census Tract 2703.01, Baltimore city, Maryland","medincome","63750","38348.085106383",63750
"405","245102707033","Block Group 3, Census Tract 2707.03, Baltimore city, Maryland","medincome","43750","21550.4680851064",43750
"406","245102708025","Block Group 5, Census Tract 2708.02, Baltimore city, Maryland","medincome","56771","62318.4680851064",56771
"407","245102002005","Block Group 5, Census Tract 2002, Baltimore city, Maryland","medincome","38291","32084.4255319149",38291
"408","245102704021","Block Group 1, Census Tract 2704.02, Baltimore city, Maryland","medincome","76125","25923.2340425532",76125
"409","245101801001","Block Group 1, Census Tract 1801, Baltimore city, Maryland","medincome","16556","6568.68085106383",16556
"410","245100901002","Block Group 2, Census Tract 901, Baltimore city, Maryland","medincome","63819","37998.9787234043",63819
"411","245102801012","Block Group 2, Census Tract 2801.01, Baltimore city, Maryland","medincome","47917","9944.17021276596",47917
"412","245102720061","Block Group 1, Census Tract 2720.06, Baltimore city, Maryland","medincome","31250","10813.9574468085",31250
"413","245102604011","Block Group 1, Census Tract 2604.01, Baltimore city, Maryland","medincome","34300","18704",34300
"414","245102601012","Block Group 2, Census Tract 2601.01, Baltimore city, Maryland","medincome","90000","43273.7021276596",90000
"415","245102712006","Block Group 6, Census Tract 2712, Baltimore city, Maryland","medincome","144722","69587.7446808511",144722
"416","245100901004","Block Group 4, Census Tract 901, Baltimore city, Maryland","medincome","37586","10100.2553191489",37586
"417","245101201001","Block Group 1, Census Tract 1201, Baltimore city, Maryland","medincome","133036","66741.2765957447",133036
"418","245102704013","Block Group 3, Census Tract 2704.01, Baltimore city, Maryland","medincome","40993","44997.7872340426",40993
"419","245102601011","Block Group 1, Census Tract 2601.01, Baltimore city, Maryland","medincome","49028","45977.1914893617",49028
"420","245102804032","Block Group 2, Census Tract 2804.03, Baltimore city, Maryland","medincome","78665","37039.829787234",78665
"421","245100601002","Block Group 2, Census Tract 601, Baltimore city, Maryland","medincome","41047","17729.3617021277",41047
"422","245102704011","Block Group 1, Census Tract 2704.01, Baltimore city, Maryland","medincome","61918","18222.6382978723",61918
"423","245102601025","Block Group 5, Census Tract 2601.02, Baltimore city, Maryland","medincome","67222","22067.5744680851",67222
"424","245102708011","Block Group 1, Census Tract 2708.01, Baltimore city, Maryland","medincome","44063","13050.3829787234",44063
"425","245101102003","Block Group 3, Census Tract 1102, Baltimore city, Maryland","medincome","39745","11346.5531914894",39745
"426","245102708024","Block Group 4, Census Tract 2708.02, Baltimore city, Maryland","medincome","NA","-264775413.446808",
"427","245101102001","Block Group 1, Census Tract 1102, Baltimore city, Maryland","medincome","60096","8405.95744680851",60096
"428","245102712004","Block Group 4, Census Tract 2712, Baltimore city, Maryland","medincome","250001","-397163120.170213",250001
"429","245102803022","Block Group 2, Census Tract 2803.02, Baltimore city, Maryland","medincome","48257","9580.76595744681",48257
"430","245102711021","Block Group 1, Census Tract 2711.02, Baltimore city, Maryland","medincome","250001","-397163120.170213",250001
"431","245100902002","Block Group 2, Census Tract 902, Baltimore city, Maryland","medincome","71857","15937.3617021277",71857
"432","245101206002","Block Group 2, Census Tract 1206, Baltimore city, Maryland","medincome","47639","21525.4468085106",47639
"433","245101601004","Block Group 4, Census Tract 1601, Baltimore city, Maryland","medincome","31105","13260.085106383",31105
"434","245101508001","Block Group 1, Census Tract 1508, Baltimore city, Maryland","medincome","35737","18842.2127659574",35737
"435","245102718012","Block Group 2, Census Tract 2718.01, Baltimore city, Maryland","medincome","22878","8638.29787234042",22878
"436","245102804033","Block Group 3, Census Tract 2804.03, Baltimore city, Maryland","medincome","62676","10846.1276595745",62676
"437","245101308031","Block Group 1, Census Tract 1308.03, Baltimore city, Maryland","medincome","47297","16094.6382978723",47297
"438","245102704024","Block Group 4, Census Tract 2704.02, Baltimore city, Maryland","medincome","85676","20417.3617021277",85676
"439","245102502062","Block Group 2, Census Tract 2502.06, Baltimore city, Maryland","medincome","76458","45089.5319148936",76458
"440","245101301002","Block Group 2, Census Tract 1301, Baltimore city, Maryland","medincome","12214","5686.97872340426",12214
"441","245102805002","Block Group 2, Census Tract 2805, Baltimore city, Maryland","medincome","16063","3301.6170212766",16063
"442","245100908002","Block Group 2, Census Tract 908, Baltimore city, Maryland","medincome","34107","36595.4042553191",34107
"443","245102302002","Block Group 2, Census Tract 2302, Baltimore city, Maryland","medincome","118750","18756.4255319149",118750
"444","245102301002","Block Group 2, Census Tract 2301, Baltimore city, Maryland","medincome","45625","19218.7234042553",45625
"445","245102717005","Block Group 5, Census Tract 2717, Baltimore city, Maryland","medincome","53028","11519.3191489362",53028
"446","245102602012","Block Group 2, Census Tract 2602.01, Baltimore city, Maryland","medincome","85573","54148.4255319149",85573
"447","245102607001","Block Group 1, Census Tract 2607, Baltimore city, Maryland","medincome","60250","39431.1489361702",60250
"448","245102804021","Block Group 1, Census Tract 2804.02, Baltimore city, Maryland","medincome","51125","11520.5106382979",51125
"449","245101903002","Block Group 2, Census Tract 1903, Baltimore city, Maryland","medincome","17212","16116.085106383",17212
"450","245102716006","Block Group 6, Census Tract 2716, Baltimore city, Maryland","medincome","36471","34804.5957446808",36471
"451","245102503031","Block Group 1, Census Tract 2503.03, Baltimore city, Maryland","medincome","39777","23834.5531914894",39777
"452","245102603013","Block Group 3, Census Tract 2603.01, Baltimore city, Maryland","medincome","48140","16777.3617021277",48140
"453","245102703021","Block Group 1, Census Tract 2703.02, Baltimore city, Maryland","medincome","79615","31317.1063829787",79615
"454","245102501012","Block Group 2, Census Tract 2501.01, Baltimore city, Maryland","medincome","63273","11795.7446808511",63273
"455","245102804022","Block Group 2, Census Tract 2804.02, Baltimore city, Maryland","medincome","43977","13453.1063829787",43977
"456","245100602002","Block Group 2, Census Tract 602, Baltimore city, Maryland","medincome","107344","12209.1914893617",107344
"457","245102604042","Block Group 2, Census Tract 2604.04, Baltimore city, Maryland","medincome","56413","12187.7446808511",56413
"458","245102604043","Block Group 3, Census Tract 2604.04, Baltimore city, Maryland","medincome","36600","12647.6595744681",36600
"459","245101606001","Block Group 1, Census Tract 1606, Baltimore city, Maryland","medincome","NA","-264775413.446808",
"460","245102603024","Block Group 4, Census Tract 2603.02, Baltimore city, Maryland","medincome","38112","21992.5106382979",38112
"461","245102008003","Block Group 3, Census Tract 2008, Baltimore city, Maryland","medincome","48333","45747.2340425532",48333
"462","245102502031","Block Group 1, Census Tract 2502.03, Baltimore city, Maryland","medincome","40350","14504",40350
"463","245102720041","Block Group 1, Census Tract 2720.04, Baltimore city, Maryland","medincome","57063","15056.8510638298",57063
"464","245101505002","Block Group 2, Census Tract 1505, Baltimore city, Maryland","medincome","34036","13500.7659574468",34036
"465","245101606004","Block Group 4, Census Tract 1606, Baltimore city, Maryland","medincome","17026","10395.7446808511",17026
"466","245102101002","Block Group 2, Census Tract 2101, Baltimore city, Maryland","medincome","65000","33004.2553191489",65000
"467","245102719001","Block Group 1, Census Tract 2719, Baltimore city, Maryland","medincome","129500","16886.9787234043",129500
"468","245102720031","Block Group 1, Census Tract 2720.03, Baltimore city, Maryland","medincome","145441","131769.191489362",145441
"469","245102606043","Block Group 3, Census Tract 2606.04, Baltimore city, Maryland","medincome","21058","11819.5744680851",21058
"470","245100906002","Block Group 2, Census Tract 906, Baltimore city, Maryland","medincome","36397","14486.1276595745",36397
"471","245102705023","Block Group 3, Census Tract 2705.02, Baltimore city, Maryland","medincome","91750","21601.7021276596",91750
"472","245102707022","Block Group 2, Census Tract 2707.02, Baltimore city, Maryland","medincome","58571","27441.1914893617",58571
"473","245102720032","Block Group 2, Census Tract 2720.03, Baltimore city, Maryland","medincome","NA","-264775413.446808",
"474","245102712003","Block Group 3, Census Tract 2712, Baltimore city, Maryland","medincome","147880","63838.8085106383",147880
"475","245102709021","Block Group 1, Census Tract 2709.02, Baltimore city, Maryland","medincome","46051","13913.0212765957",46051
"476","245102505004","Block Group 4, Census Tract 2505, Baltimore city, Maryland","medincome","34475","11281.0212765957",34475
"477","245102709012","Block Group 2, Census Tract 2709.01, Baltimore city, Maryland","medincome","67875","24041.8723404255",67875
"478","245102602014","Block Group 4, Census Tract 2602.01, Baltimore city, Maryland","medincome","25694","22068.7659574468",25694
"479","245100802002","Block Group 2, Census Tract 802, Baltimore city, Maryland","medincome","15577","18033.1914893617",15577
"480","245100601003","Block Group 3, Census Tract 601, Baltimore city, Maryland","medincome","112969","83824.8510638298",112969
"481","245102610001","Block Group 1, Census Tract 2610, Baltimore city, Maryland","medincome","31016","4154.72340425532",31016
"482","245102608001","Block Group 1, Census Tract 2608, Baltimore city, Maryland","medincome","29669","17833.0212765957",29669
"483","245102609002","Block Group 2, Census Tract 2609, Baltimore city, Maryland","medincome","100990","15389.2765957447",100990
"484","245102002001","Block Group 1, Census Tract 2002, Baltimore city, Maryland","medincome","32872","17606.6382978723",32872
"485","245102302001","Block Group 1, Census Tract 2302, Baltimore city, Maryland","medincome","99632","5143.65957446808",99632
"486","245102502071","Block Group 1, Census Tract 2502.07, Baltimore city, Maryland","medincome","33884","6224.34042553191",33884
"487","245102504022","Block Group 2, Census Tract 2504.02, Baltimore city, Maryland","medincome","2499","-397163120.170213",2499
"488","245100101001","Block Group 1, Census Tract 101, Baltimore city, Maryland","medincome","135000","20784.3404255319",135000
"489","245102705022","Block Group 2, Census Tract 2705.02, Baltimore city, Maryland","medincome","68846","27959.4893617021",68846
"490","245102502072","Block Group 2, Census Tract 2502.07, Baltimore city, Maryland","medincome","35000","24516.085106383",35000
"491","245102601023","Block Group 3, Census Tract 2601.02, Baltimore city, Maryland","medincome","55273","19055.4893617021",55273
"492","245102804015","Block Group 5, Census Tract 2804.01, Baltimore city, Maryland","medincome","46806","35026.2127659574",46806
"493","245101901001","Block Group 1, Census Tract 1901, Baltimore city, Maryland","medincome","31458","18950.6382978723",31458
"494","245101506002","Block Group 2, Census Tract 1506, Baltimore city, Maryland","medincome","NA","-264775413.446808",
"495","245102804035","Block Group 5, Census Tract 2804.03, Baltimore city, Maryland","medincome","146064","73386.2127659574",146064
"496","245102505001","Block Group 1, Census Tract 2505, Baltimore city, Maryland","medincome","NA","-264775413.446808",
"497","245102201003","Block Group 3, Census Tract 2201, Baltimore city, Maryland","medincome","177885","101871.14893617",177885
"498","245102605012","Block Group 2, Census Tract 2605.01, Baltimore city, Maryland","medincome","55868","20341.1063829787",55868
"499","245101207003","Block Group 3, Census Tract 1207, Baltimore city, Maryland","medincome","84316","43812.2553191489",84316
"500","245102007021","Block Group 1, Census Tract 2007.02, Baltimore city, Maryland","medincome","NA","-264775413.446808",
"501","245101606003","Block Group 3, Census Tract 1606, Baltimore city, Maryland","medincome","36179","22733.6170212766",36179
"502","245102710013","Block Group 3, Census Tract 2710.01, Baltimore city, Maryland","medincome","33500","9216.17021276596",33500
"503","245102609003","Block Group 3, Census Tract 2609, Baltimore city, Maryland","medincome","115245","32397.7872340426",115245
"504","245101507011","Block Group 1, Census Tract 1507.01, Baltimore city, Maryland","medincome","26576","21033.3617021277",26576
"505","245102005004","Block Group 4, Census Tract 2005, Baltimore city, Maryland","medincome","21250","17151.4893617021",21250
"506","245101503001","Block Group 1, Census Tract 1503, Baltimore city, Maryland","medincome","30208","13984.5106382979",30208
"507","245102606041","Block Group 1, Census Tract 2606.04, Baltimore city, Maryland","medincome","15114","10151.4893617021",15114
"508","245101202022","Block Group 2, Census Tract 1202.02, Baltimore city, Maryland","medincome","32841","38205.1063829787",32841
"509","245101901003","Block Group 3, Census Tract 1901, Baltimore city, Maryland","medincome","17308","5356.93617021277",17308
"510","245102004001","Block Group 1, Census Tract 2004, Baltimore city, Maryland","medincome","33558","15314.2127659574",33558
"511","245102502042","Block Group 2, Census Tract 2502.04, Baltimore city, Maryland","medincome","14896","3332.59574468085",14896
"512","245102605013","Block Group 3, Census Tract 2605.01, Baltimore city, Maryland","medincome","53565","34916.5957446808",53565
"513","245101001002","Block Group 2, Census Tract 1001, Baltimore city, Maryland","medincome","9521","1034.21276595745",9521
"514","245101502001","Block Group 1, Census Tract 1502, Baltimore city, Maryland","medincome","69219","23820.2553191489",69219
"515","245102201001","Block Group 1, Census Tract 2201, Baltimore city, Maryland","medincome","68984","50550.1276595745",68984
"516","245101304001","Block Group 1, Census Tract 1304, Baltimore city, Maryland","medincome","35000","26075.7446808511",35000
"517","245102303001","Block Group 1, Census Tract 2303, Baltimore city, Maryland","medincome","105000","13049.1914893617",105000
"518","245102604022","Block Group 2, Census Tract 2604.02, Baltimore city, Maryland","medincome","34423","16606.9787234043",34423
"519","245102720071","Block Group 1, Census Tract 2720.07, Baltimore city, Maryland","medincome","40455","25084.4255319149",40455
"520","245100804002","Block Group 2, Census Tract 804, Baltimore city, Maryland","medincome","15833","4911.31914893617",15833
"521","245100803012","Block Group 2, Census Tract 803.01, Baltimore city, Maryland","medincome","22500","25370.3829787234",22500
"522","245101204001","Block Group 1, Census Tract 1204, Baltimore city, Maryland","medincome","39167","12433.1914893617",39167
"523","245101002003","Block Group 3, Census Tract 1002, Baltimore city, Maryland","medincome","8319","1657.36170212766",8319
"524","245101504002","Block Group 2, Census Tract 1504, Baltimore city, Maryland","medincome","34615","22285.6170212766",34615
"525","245102715011","Block Group 1, Census Tract 2715.01, Baltimore city, Maryland","medincome","115781","50824.170212766",115781
"526","245101508003","Block Group 3, Census Tract 1508, Baltimore city, Maryland","medincome","58068","44162.5531914894",58068
"527","245100803023","Block Group 3, Census Tract 803.02, Baltimore city, Maryland","medincome","41923","32761.1914893617",41923
"528","245100807001","Block Group 1, Census Tract 807, Baltimore city, Maryland","medincome","37768","4807.65957446808",37768
"529","245101903004","Block Group 4, Census Tract 1903, Baltimore city, Maryland","medincome","19659","14388.4255319149",19659
"530","245102501034","Block Group 4, Census Tract 2501.03, Baltimore city, Maryland","medincome","39808","42326.4680851064",39808
"531","245101308051","Block Group 1, Census Tract 1308.05, Baltimore city, Maryland","medincome","39750","20571.0638297872",39750
"532","245102709013","Block Group 3, Census Tract 2709.01, Baltimore city, Maryland","medincome","50691","15896.8510638298",50691
"533","245102006002","Block Group 2, Census Tract 2006, Baltimore city, Maryland","medincome","31827","23643.914893617",31827
"534","245101206003","Block Group 3, Census Tract 1206, Baltimore city, Maryland","medincome","16000","3578.04255319149",16000
"535","245102007014","Block Group 4, Census Tract 2007.01, Baltimore city, Maryland","medincome","64625","37493.7872340426",64625
"536","245102705021","Block Group 1, Census Tract 2705.02, Baltimore city, Maryland","medincome","50536","22221.2765957447",50536
"537","245100102002","Block Group 2, Census Tract 102, Baltimore city, Maryland","medincome","92981","19037.6170212766",92981
"538","245100902001","Block Group 1, Census Tract 902, Baltimore city, Maryland","medincome","68173","24020.4255319149",68173
"539","245100203003","Block Group 3, Census Tract 203, Baltimore city, Maryland","medincome","134800","44406.8085106383",134800
"540","245102709031","Block Group 1, Census Tract 2709.03, Baltimore city, Maryland","medincome","48444","10709.1063829787",48444
"541","245102804041","Block Group 1, Census Tract 2804.04, Baltimore city, Maryland","medincome","30000","12383.1489361702",30000
"542","245101306004","Block Group 4, Census Tract 1306, Baltimore city, Maryland","medincome","88295","32309.6170212766",88295
"543","245102703014","Block Group 4, Census Tract 2703.01, Baltimore city, Maryland","medincome","60485","25969.7021276596",60485
"544","245101401004","Block Group 4, Census Tract 1401, Baltimore city, Maryland","medincome","83365","10956.9361702128",83365
"545","245101201003","Block Group 3, Census Tract 1201, Baltimore city, Maryland","medincome","78485","28965.1063829787",78485
"546","245102603012","Block Group 2, Census Tract 2603.01, Baltimore city, Maryland","medincome","46042","18130.8936170213",46042
"547","245102710022","Block Group 2, Census Tract 2710.02, Baltimore city, Maryland","medincome","39875","37684.4255319149",39875
"548","245102708052","Block Group 2, Census Tract 2708.05, Baltimore city, Maryland","medincome","47500","31321.8723404255",47500
"549","245101701001","Block Group 1, Census Tract 1701, Baltimore city, Maryland","medincome","31836","12906.2127659574",31836
"550","245100908001","Block Group 1, Census Tract 908, Baltimore city, Maryland","medincome","NA","-264775413.446808",
"551","245101608023","Block Group 3, Census Tract 1608.02, Baltimore city, Maryland","medincome","47985","11849.3617021277",47985
"552","245102201002","Block Group 2, Census Tract 2201, Baltimore city, Maryland","medincome","51402","16857.1914893617",51402
"553","245100805003","Block Group 3, Census Tract 805, Baltimore city, Maryland","medincome","25917","14216.8510638298",25917
"554","245101607006","Block Group 6, Census Tract 1607, Baltimore city, Maryland","medincome","75272","71944.5106382979",75272
"555","245101304002","Block Group 2, Census Tract 1304, Baltimore city, Maryland","medincome","33750","10850.8936170213",33750
"556","245101302004","Block Group 4, Census Tract 1302, Baltimore city, Maryland","medincome","45450","23579.5744680851",45450
"557","245102708031","Block Group 1, Census Tract 2708.03, Baltimore city, Maryland","medincome","56593","18260.7659574468",56593
"558","245101510003","Block Group 3, Census Tract 1510, Baltimore city, Maryland","medincome","NA","-264775413.446808",
"559","245101513002","Block Group 2, Census Tract 1513, Baltimore city, Maryland","medincome","NA","-264775413.446808",
"560","245102801024","Block Group 4, Census Tract 2801.02, Baltimore city, Maryland","medincome","59336","29864.6808510638",59336
"561","245100907001","Block Group 1, Census Tract 907, Baltimore city, Maryland","medincome","NA","-264775413.446808",
"562","245102601021","Block Group 1, Census Tract 2601.02, Baltimore city, Maryland","medincome","49688","23827.4042553191",49688
"563","245102610003","Block Group 3, Census Tract 2610, Baltimore city, Maryland","medincome","30757","22821.7872340426",30757
"564","245102006001","Block Group 1, Census Tract 2006, Baltimore city, Maryland","medincome","31310","15049.7021276596",31310
"565","245102715015","Block Group 5, Census Tract 2715.01, Baltimore city, Maryland","medincome","80431","20013.4468085106",80431
"566","245100105002","Block Group 2, Census Tract 105, Baltimore city, Maryland","medincome","81774","15515.5744680851",81774
"567","245101506003","Block Group 3, Census Tract 1506, Baltimore city, Maryland","medincome","NA","-264775413.446808",
"568","245102718013","Block Group 3, Census Tract 2718.01, Baltimore city, Maryland","medincome","54199","19448.6808510638",54199
"569","245101512001","Block Group 1, Census Tract 1512, Baltimore city, Maryland","medincome","17887","4327.48936170213",17887
"570","245102803012","Block Group 2, Census Tract 2803.01, Baltimore city, Maryland","medincome","51989","33682.2127659574",51989
"571","245101510002","Block Group 2, Census Tract 1510, Baltimore city, Maryland","medincome","34283","6658.04255319149",34283
"572","245100801011","Block Group 1, Census Tract 801.01, Baltimore city, Maryland","medincome","142344","61547.5744680851",142344
"573","245102501021","Block Group 1, Census Tract 2501.02, Baltimore city, Maryland","medincome","47500","23179.2340425532",47500
"574","245102701012","Block Group 2, Census Tract 2701.01, Baltimore city, Maryland","medincome","59565","16117.2765957447",59565
"575","245100102001","Block Group 1, Census Tract 102, Baltimore city, Maryland","medincome","96542","17207.4893617021",96542
"576","245100702002","Block Group 2, Census Tract 702, Baltimore city, Maryland","medincome","21964","23685.6170212766",21964
"577","245100103001","Block Group 1, Census Tract 103, Baltimore city, Maryland","medincome","140156","21554.0425531915",140156
"578","245100801021","Block Group 1, Census Tract 801.02, Baltimore city, Maryland","medincome","28864","21102.4680851064",28864
"579","245102717004","Block Group 4, Census Tract 2717, Baltimore city, Maryland","medincome","43542","32110.6382978723",43542
"580","245100604002","Block Group 2, Census Tract 604, Baltimore city, Maryland","medincome","54219","15990.9787234043",54219
"581","245102717006","Block Group 6, Census Tract 2717, Baltimore city, Maryland","medincome","NA","-264775413.446808",
"582","245102701024","Block Group 4, Census Tract 2701.02, Baltimore city, Maryland","medincome","52331","23690.3829787234",52331
"583","245100604001","Block Group 1, Census Tract 604, Baltimore city, Maryland","medincome","56042","20056.3404255319",56042
"584","245102718023","Block Group 3, Census Tract 2718.02, Baltimore city, Maryland","medincome","33092","22228.4255319149",33092
"585","245102712005","Block Group 5, Census Tract 2712, Baltimore city, Maryland","medincome","250001","-397163120.170213",250001
"586","245102502054","Block Group 4, Census Tract 2502.05, Baltimore city, Maryland","medincome","41513","22832.5106382979",41513
"587","245101508002","Block Group 2, Census Tract 1508, Baltimore city, Maryland","medincome","22529","17150.2978723404",22529
"588","245102706001","Block Group 1, Census Tract 2706, Baltimore city, Maryland","medincome","63125","31001.3617021277",63125
"589","245102711022","Block Group 2, Census Tract 2711.02, Baltimore city, Maryland","medincome","179500","52856.8510638298",179500
"590","245100903003","Block Group 3, Census Tract 903, Baltimore city, Maryland","medincome","88670","15540.5957446808",88670
"591","245100904002","Block Group 2, Census Tract 904, Baltimore city, Maryland","medincome","18775","9365.10638297872",18775
"592","245101507012","Block Group 2, Census Tract 1507.01, Baltimore city, Maryland","medincome","60721","19070.9787234043",60721
"593","245101512002","Block Group 2, Census Tract 1512, Baltimore city, Maryland","medincome","36157","9380.59574468085",36157
"594","245100202001","Block Group 1, Census Tract 202, Baltimore city, Maryland","medincome","73938","8738.3829787234",73938
"595","245102603014","Block Group 4, Census Tract 2603.01, Baltimore city, Maryland","medincome","35114","33666.7234042553",35114
"596","245102401002","Block Group 2, Census Tract 2401, Baltimore city, Maryland","medincome","111321","47209.1914893617",111321
"597","245101703001","Block Group 1, Census Tract 1703, Baltimore city, Maryland","medincome","16313","3267.06382978723",16313
"598","245101307003","Block Group 3, Census Tract 1307, Baltimore city, Maryland","medincome","97917","47853.7872340426",97917
"599","245102102001","Block Group 1, Census Tract 2102, Baltimore city, Maryland","medincome","54194","13342.2978723404",54194
"600","245101608011","Block Group 1, Census Tract 1608.01, Baltimore city, Maryland","medincome","33136","11124.9361702128",33136
"601","245100101003","Block Group 3, Census Tract 101, Baltimore city, Maryland","medincome","96218","30779.7446808511",96218
"602","245102802004","Block Group 4, Census Tract 2802, Baltimore city, Maryland","medincome","68011","74360.8510638298",68011
"603","245102601013","Block Group 3, Census Tract 2601.01, Baltimore city, Maryland","medincome","42208","16578.3829787234",42208
"604","245102007022","Block Group 2, Census Tract 2007.02, Baltimore city, Maryland","medincome","43478","5138.89361702128",43478
"605","245102005002","Block Group 2, Census Tract 2005, Baltimore city, Maryland","medincome","88776","46196.4255319149",88776
"606","245101402002","Block Group 2, Census Tract 1402, Baltimore city, Maryland","medincome","33977","28863.829787234",33977
"607","245102803013","Block Group 3, Census Tract 2803.01, Baltimore city, Maryland","medincome","26862","7187.06382978723",26862
"608","245102601022","Block Group 2, Census Tract 2601.02, Baltimore city, Maryland","medincome","NA","-264775413.446808",
"609","245102714001","Block Group 1, Census Tract 2714, Baltimore city, Maryland","medincome","110909","86265.0212765957",110909
"610","245102607002","Block Group 2, Census Tract 2607, Baltimore city, Maryland","medincome","59375","21347.914893617",59375
"611","245102703022","Block Group 2, Census Tract 2703.02, Baltimore city, Maryland","medincome","68894","11719.4893617021",68894
"612","245102603026","Block Group 6, Census Tract 2603.02, Baltimore city, Maryland","medincome","19961","7333.6170212766",19961
"613","245101513004","Block Group 4, Census Tract 1513, Baltimore city, Maryland","medincome","30278","30142.2978723404",30278
"614","245100807002","Block Group 2, Census Tract 807, Baltimore city, Maryland","medincome","28295","8649.02127659574",28295
"615","245102505002","Block Group 2, Census Tract 2505, Baltimore city, Maryland","medincome","NA","-264775413.446808",
"616","245101802001","Block Group 1, Census Tract 1802, Baltimore city, Maryland","medincome","19583","18774.2978723404",19583
"617","245102710012","Block Group 2, Census Tract 2710.01, Baltimore city, Maryland","medincome","53043","30533.1063829787",53043
"618","245102404002","Block Group 2, Census Tract 2404, Baltimore city, Maryland","medincome","94773","50907.5744680851",94773
"619","245100602005","Block Group 5, Census Tract 602, Baltimore city, Maryland","medincome","NA","-264775413.446808",
"620","245102708041","Block Group 1, Census Tract 2708.04, Baltimore city, Maryland","medincome","56101","9760.68085106383",56101
"621","245101307005","Block Group 5, Census Tract 1307, Baltimore city, Maryland","medincome","72212","56972.2553191489",72212
"622","245102006003","Block Group 3, Census Tract 2006, Baltimore city, Maryland","medincome","37692","25372.7659574468",37692
"623","245100702001","Block Group 1, Census Tract 702, Baltimore city, Maryland","medincome","NA","-264775413.446808",
"624","245102504011","Block Group 1, Census Tract 2504.01, Baltimore city, Maryland","medincome","26389","18291.7446808511",26389
"625","245101803002","Block Group 2, Census Tract 1803, Baltimore city, Maryland","medincome","55652","38066.8936170213",55652
"626","245102720062","Block Group 2, Census Tract 2720.06, Baltimore city, Maryland","medincome","38869","20534.1276595745",38869
"627","245102101001","Block Group 1, Census Tract 2101, Baltimore city, Maryland","medincome","54148","34985.7021276596",54148
"628","245102606056","Block Group 6, Census Tract 2606.05, Baltimore city, Maryland","medincome","103417","19890.7234042553",103417
"629","245102606051","Block Group 1, Census Tract 2606.05, Baltimore city, Maryland","medincome","42151","20604.4255319149",42151
"630","245100909004","Block Group 4, Census Tract 909, Baltimore city, Maryland","medincome","20756","4017.70212765957",20756
"631","245101603002","Block Group 2, Census Tract 1603, Baltimore city, Maryland","medincome","14321","6569.87234042553",14321
"632","245102403001","Block Group 1, Census Tract 2403, Baltimore city, Maryland","medincome","118304","56991.3191489362",118304
"633","245102601015","Block Group 5, Census Tract 2601.01, Baltimore city, Maryland","medincome","78750","37124.4255319149",78750
"634","245100802003","Block Group 3, Census Tract 802, Baltimore city, Maryland","medincome","36000","16716.5957446808",36000
"635","245102711013","Block Group 3, Census Tract 2711.01, Baltimore city, Maryland","medincome","77917","34835.5744680851",77917
"636","245102606055","Block Group 5, Census Tract 2606.05, Baltimore city, Maryland","medincome","NA","-264775413.446808",
"637","245102708021","Block Group 1, Census Tract 2708.02, Baltimore city, Maryland","medincome","62719","22770.5531914894",62719
"638","245101504003","Block Group 3, Census Tract 1504, Baltimore city, Maryland","medincome","42585","10258.7234042553",42585
"639","245102502061","Block Group 1, Census Tract 2502.06, Baltimore city, Maryland","medincome","43750","28090.5531914894",43750
"640","245101703002","Block Group 2, Census Tract 1703, Baltimore city, Maryland","medincome","39375","32403.7446808511",39375
"641","245100908004","Block Group 4, Census Tract 908, Baltimore city, Maryland","medincome","36281","5640.51063829787",36281
"642","245101511006","Block Group 6, Census Tract 1511, Baltimore city, Maryland","medincome","58182","20162.3829787234",58182
"643","245100801022","Block Group 2, Census Tract 801.02, Baltimore city, Maryland","medincome","34559","18794.5531914894",34559
"644","245102007013","Block Group 3, Census Tract 2007.01, Baltimore city, Maryland","medincome","38125","8619.23404255319",38125
"645","245102802002","Block Group 2, Census Tract 2802, Baltimore city, Maryland","medincome","NA","-264775413.446808",
"646","245102007015","Block Group 5, Census Tract 2007.01, Baltimore city, Maryland","medincome","23917","14011.914893617",23917
"647","245101508005","Block Group 5, Census Tract 1508, Baltimore city, Maryland","medincome","53636","38265.8723404255",53636
"648","245101308041","Block Group 1, Census Tract 1308.04, Baltimore city, Maryland","medincome","59609","22678.8085106383",59609
"649","245100701001","Block Group 1, Census Tract 701, Baltimore city, Maryland","medincome","43125","15048.5106382979",43125
"650","245102604031","Block Group 1, Census Tract 2604.03, Baltimore city, Maryland","medincome","31571","4969.70212765957",31571
"651","245100302001","Block Group 1, Census Tract 302, Baltimore city, Maryland","medincome","37393","16886.9787234043",37393
"652","245100105001","Block Group 1, Census Tract 105, Baltimore city, Maryland","medincome","147857","44174.4680851064",147857
"653","245102706003","Block Group 3, Census Tract 2706, Baltimore city, Maryland","medincome","37174","25580.085106383",37174
